university_slug,program_slug,url,source_type
# example: stanford-university,ms-computer-science,https://example.edu/page,program_page
university-of-michigan,ms-computer-science-and-engineering,https://docs.google.com/document/d/18vDSki737f3dS4GxHjBG8qYPE7MczUKC0mOKvJNghos/export?format=pdf,curriculum
university-of-pennsylvania,mse-computer-and-information-science,https://www.cis.upenn.edu/mse-in-cis/,program_page
university-of-pennsylvania,mse-computer-and-information-science,https://www.cis.upenn.edu/how-to-apply/,admission_guideline
university-of-pennsylvania,mse-computer-and-information-science,https://www.cis.upenn.edu/mse-in-cis-requirements/,curriculum
princeton-university,mse-computer-science,https://www.cs.princeton.edu/grad/masters-degree-requirements,program_page
princeton-university,mse-computer-science,https://www.cs.princeton.edu/grad/mse-track,curriculum
princeton-university,mse-computer-science,https://www.cs.princeton.edu/grad/admissions-requirements,admission_guideline
yale-university,ms-computer-science,https://gsas.yale.edu/programs-of-study/computer-science,program_page
yale-university,ms-computer-science,https://cs.yale.edu/grad/handbook/masters.html,curriculum
yale-university,ms-computer-science,https://gsas.yale.edu/admissions/phdmasters-application-process/dates-deadlines,admission_guideline
brown-university,scm-computer-science,https://cs.brown.edu/degrees/masters/,program_page
brown-university,scm-computer-science,https://cs.brown.edu/degrees/masters/reqs/,curriculum
brown-university,scm-computer-science,https://www.cs.brown.edu/degrees/masters/applications/,admission_guideline
brown-university,scm-computer-science,https://cs.brown.edu/degrees/masters/faq/,faq
duke-university,ms-computer-science,https://gradschool.duke.edu/academics/programs-degrees/computer-science-ms/,program_page
duke-university,ms-computer-science,https://cs.duke.edu/graduate/ms/ms-req,curriculum
duke-university,ms-computer-science,https://gradschool.duke.edu/admissions/application-instructions/,admission_guideline
duke-university,meng-artificial-intelligence,https://masters.pratt.duke.edu/aipi/,program_page
duke-university,meng-artificial-intelligence,https://masters.pratt.duke.edu/aipi/courses/,curriculum
duke-university,meng-artificial-intelligence,https://masters.pratt.duke.edu/apply/instructions/,admission_guideline
duke-university,meng-artificial-intelligence,https://masters.pratt.duke.edu/apply/deadlines/,admission_guideline
university-of-toronto,mscac-computer-science,https://mscac.utoronto.ca/concentrations/cs/,program_page
university-of-toronto,mscac-computer-science,https://mscac.utoronto.ca/apply/,admission_guideline
university-of-toronto,mscac-computer-science,https://sgs.calendar.utoronto.ca/computer-science-applied-computing-mscac-concentration-computer-science,curriculum
university-of-toronto,msc-computer-science,https://web.cs.toronto.edu/graduate/msc,program_page
university-of-toronto,msc-computer-science,https://web.cs.toronto.edu/graduate/how-to-apply,admission_guideline
university-of-toronto,msc-computer-science,https://sgs.calendar.utoronto.ca/computer-science-computer-science-msc,curriculum
university-of-british-columbia,msc-computer-science,https://www.cs.ubc.ca/students/grad/graduate-programs/msc-program,program_page
university-of-british-columbia,msc-computer-science,https://www.cs.ubc.ca/students/grad/prospective-grads/grad-programs/full-time-masters-programs,curriculum
university-of-british-columbia,msc-computer-science,https://www.cs.ubc.ca/students/grad/admissions,admission_guideline
university-of-british-columbia,master-of-data-science,https://masterdatascience.ubc.ca/programs/vancouver,program_page
university-of-british-columbia,master-of-data-science,https://masterdatascience.ubc.ca/admissions,admission_guideline
university-of-waterloo,mmath-computer-science,https://uwaterloo.ca/future-graduate-students/programs/by-faculty/math/computer-science-master-math-mmath,program_page
university-of-waterloo,mmath-computer-science,https://uwaterloo.ca/computer-science/future-graduate-students/applying-admissions,admission_guideline
university-of-waterloo,data-science,https://uwaterloo.ca/future-graduate-students/programs/by-faculty/math/data-science-and-artificial-intelligence-master-data-science,program_page
university-of-waterloo,data-science,https://uwaterloo.ca/data-science/graduate-programs/admission-requirements,admission_guideline
university-of-waterloo,data-science,https://uwaterloo.ca/data-science/current-graduate-students/courses,curriculum
mcgill-university,msc-computer-science,https://www.mcgill.ca/gradapplicants/program/computer-science-msc,program_page
mcgill-university,msc-computer-science,https://www.cs.mcgill.ca/graduate/future/mscadmission/,admission_guideline
mcgill-university,msc-computer-science,https://www.cs.mcgill.ca/graduate/masters/regulations/,curriculum
university-of-oxford,msc-advanced-computer-science,https://www.cs.ox.ac.uk/teaching/MSCinCS/,program_page
university-of-oxford,msc-advanced-computer-science,https://www.cs.ox.ac.uk/files/15054/MSc%20Handbook%2025-26.pdf,curriculum
university-of-cambridge,mphil-advanced-computer-science,https://www.cst.cam.ac.uk/admissions/acs,program_page
university-of-cambridge,mphil-advanced-computer-science,https://www.cst.cam.ac.uk/admissions/acs/course-structure,curriculum
university-of-cambridge,mphil-advanced-computer-science,https://www.postgraduate.study.cam.ac.uk/courses/directory/cscsmpacs/requirements,admission_guideline
imperial-college-london,msc-computing,https://www.imperial.ac.uk/media/imperial-college/study/programme-specifications/computing/25x2f26/G5U6-MSc-Computing-2025-26.pdf,curriculum
imperial-college-london,msc-computing,https://www.imperial.ac.uk/computing/prospective-students/courses/pg/faqs/,faq
imperial-college-london,msc-artificial-intelligence,https://www.imperial.ac.uk/media/imperial-college/study/programme-specifications/computing/25x2f26/G5T1-MSc-Artificial-Intelligence-2025-26.pdf,curriculum
imperial-college-london,msc-artificial-intelligence,https://www.imperial.ac.uk/computing/prospective-students/courses/pg/faqs/,faq
imperial-college-london,msc-advanced-computing,https://www.imperial.ac.uk/media/imperial-college/study/programme-specifications/computing/25x2f26/G5U0-MSc-Advanced-Computing-2025-26.pdf,curriculum
imperial-college-london,msc-advanced-computing,https://www.imperial.ac.uk/computing/prospective-students/courses/pg/faqs/,faq
trinity-college-dublin,msc-computer-science,https://www.tcd.ie/scss/courses/postgraduate/computer-science/,program_page
trinity-college-dublin,msc-computer-science,https://www.tcd.ie/scss/courses/postgraduate/computer-science/application-requirements/,admission_guideline
trinity-college-dublin,msc-computer-science,https://teaching.scss.tcd.ie/wp-content/uploads/sites/10/2025/09/MSc-Computer-Science-handbook-2025-26-1.pdf,curriculum
university-college-dublin,msc-computer-science,https://hub.ucd.ie/usis/!W_HU_MENU.P_PUBLISH?MAJR=T150&p_tag=COURSE,program_page
university-college-dublin,msc-data-and-computational-science,https://hub.ucd.ie/usis/!W_HU_MENU.P_PUBLISH?MAJR=T306&p_tag=COURSE,program_page
dublin-city-university,msc-computing,https://www.dcu.ie/courses/postgraduate/school-computing/msc-computing,program_page
university-of-galway,msc-computer-science,https://www.universityofgalway.ie/science-engineering/postgraduateprogrammes/phd-and-masters/computer-science-masters.html,program_page
university-college-cork,msc-computing-science,https://www.ucc.ie/en/ckr40/,program_page
university-of-limerick,msc-software-engineering,https://www.ul.ie/study/postgraduate/software-engineering-msc,program_page
university-of-limerick,msc-software-engineering,https://www.ul.ie/study/postgraduate/software-engineering-msc/programme-content,curriculum
university-of-limerick,msc-software-engineering,https://www.ul.ie/study/postgraduate/software-engineering-msc/entry-requirements,admission_guideline
university-of-limerick,msc-artificial-intelligence,https://www.ul.ie/study/postgraduate/artificial-intelligence-and-machine-learning-msc,program_page
university-of-limerick,msc-artificial-intelligence,https://www.ul.ie/study/postgraduate/artificial-intelligence-and-machine-learning-msc/programme-content,curriculum
university-of-limerick,msc-artificial-intelligence,https://www.ul.ie/study/postgraduate/artificial-intelligence-and-machine-learning-msc/entry-requirements,admission_guideline
technical-university-of-munich,msc-informatics,https://www.cit.tum.de/en/cit/studies/degree-programs/master-informatics/,program_page
technical-university-of-munich,msc-informatics,https://www.tum.de/fileadmin/w00bfo/www/Studium/Studienangebot/Lesbare_Fassung/Master/Informatik_MA_FPSO_Lesb._Fassung_19082024.pdf,curriculum
technical-university-of-munich,msc-data-engineering-and-analytics,https://www.cit.tum.de/en/cit/studies/degree-programs/master-data-engineering-and-analytics/,program_page
technical-university-of-munich,msc-data-engineering-and-analytics,https://www.tum.de/fileadmin/w00bfo/www/Studium/Studienangebot/Lesbare_Fassung/Master/Data_Engineering_and_Analytics_MA_FPSO_Lesb._Fassung_19082024.pdf,curriculum
rwth-aachen-university,msc-computer-science,https://www.rwth-aachen.de/cms/root/Studium/Vor-dem-Studium/Studiengaenge/Liste-Aktuelle-Studiengaenge/Studiengangbeschreibung/~bcfg/Informatik-M-Sc/lidx/1/,program_page
rwth-aachen-university,msc-computer-science,https://www.rwth-aachen.de/global/show_document.asp?id=aaaaaaaacwhslii,curriculum
rwth-aachen-university,msc-data-science,https://www.rwth-aachen.de/cms/root/studium/vor-dem-studium/studiengaenge/liste-aktuelle-studiengaenge/studiengangbeschreibung/~pzpc/data-science-m-sc/?lidx=1,program_page
rwth-aachen-university,msc-data-science,https://www.rwth-aachen.de/global/show_document.asp?id=aaaaaaaadgxzwhd,curriculum
karlsruhe-institute-of-technology,msc-computer-science,https://www.sle.kit.edu/vorstudium/master-computer-science.php,program_page
karlsruhe-institute-of-technology,msc-computer-science,https://www.informatik.kit.edu/english/14346.php,admission_guideline
karlsruhe-institute-of-technology,msc-computer-science,https://www.sle.kit.edu/downloads/AmtlicheBekanntmachungen/2026-AB-046.pdf,admission_guideline
saarland-university,msc-computer-science,https://www.uni-saarland.de/en/study/programmes/master/informatics.html,program_page
saarland-university,msc-data-science-and-ai,https://www.uni-saarland.de/en/study/programmes/master/data-science.html,program_page
tu-berlin,msc-computer-science,https://www.tu.berlin/en/studying/study-programs/all-programs-offered/study-course/computer-science-informatik-m-sc,program_page
tu-berlin,msc-computer-science,https://www.tu.berlin/en/eecs/academics-teaching/organizing-your-studies/during-your-studies/msc-computer-science-informatik/msc-cs-in-application-admission,admission_guideline
tu-berlin,msc-computer-science,https://www.static.tu.berlin/fileadmin/www/10000040/1_Studium_Lehre/1_Studienangebot/2_Masterstudiengaenge/2_M_CS/Reading_Version_ZO_MSc_ComputerScience_Informatik__EN.pdf,admission_guideline
tu-darmstadt,msc-computer-science,https://www.informatik.tu-darmstadt.de/studium_fb20/im_studium/studiengaenge_liste/computer_science_msc.en.jsp,program_page
tu-darmstadt,msc-ai-and-machine-learning,https://www.informatik.tu-darmstadt.de/studium_fb20/im_studium/studiengaenge_liste/aim_msc.en.jsp,program_page
tu-darmstadt,msc-ai-and-machine-learning,https://www.informatik.tu-darmstadt.de/media/informatik/fb20_studium/formulare_und_dokumente/ordnungen/ordnungen_aiml/pruefungsordnung_aim_2023/ordnung_des_studiengangs_m_sc_artificial_intelligence_and_machine_learning_po_2023_14045082.en.pdf,curriculum
lmu-munich,msc-data-science,https://www.lmu.de/de/studium/studienangebot/alle-studienfaecher-und-studiengaenge/data-science-master-hauptfach-4483.html,program_page
university-of-freiburg,msc-computer-science,https://www.tf.uni-freiburg.de/en/study-programs/computer-science/m-sc-computer-science,program_page
university-of-freiburg,msc-computer-science,https://www.tf.uni-freiburg.de/en/studies-and-teaching/documents/ZulassungsordnungM.Sc.ComputerScience2022EN.pdf,admission_guideline
university-of-bonn,msc-computer-science,https://www.informatik.uni-bonn.de/en/studies/master-programs/master-computer-science/msc-cs,program_page
university-of-bonn,msc-computer-science,https://www.informatik.uni-bonn.de/en/studies/master-programs/master-program-application,admission_guideline
heidelberg-university,msc-data-and-computer-science,https://www.informatik.uni-heidelberg.de/studium/master/dacs,program_page
heidelberg-university,msc-data-and-computer-science,https://www.informatik.uni-heidelberg.de/c/image/f/default/pdfs/po_mhb_zula/DACS_PO_EN_current.pdf,curriculum
heidelberg-university,msc-data-and-computer-science,https://backend.uni-heidelberg.de/en/documents/zulassungsordnung-data-and-computer-science-ma-2024-03-20/download,admission_guideline
university-of-stuttgart,msc-computer-science,https://www.uni-stuttgart.de/en/study/study-programs/Computer-Science-M.Sc-00002./,program_page
university-of-stuttgart,msc-computer-science,https://www.uni-stuttgart.de/studium/studienangebot_assets/computer-science/pdf/BroschuereMScComputerScience.pdf,curriculum
university-of-stuttgart,msc-computer-science,https://www.uni-stuttgart.de/universitaet/aktuelles/bekanntmachungen/dokumente/bekanntm_18_2024.pdf,admission_guideline
fau-erlangen-nurnberg,msc-artificial-intelligence,https://www.fau.de/studiengang/artificial-intelligence-m-sc/,program_page
fau-erlangen-nurnberg,msc-artificial-intelligence,https://www.doc.zuv.fau.de/L1/PO/Tech/Artificial_Intelligence_Master/konsolidierte_Fassungen/FPOMScAI_20240328_idF_20260213.pdf,curriculum
fau-erlangen-nurnberg,msc-artificial-intelligence,https://www.doc.zuv.fau.de/L1/PO/Tech/Artificial_Intelligence_Master/englisch/FPOMScAI_20240328_en.pdf,curriculum
tu-dresden,msc-computer-science-distributed-systems,https://tu-dresden.de/ing/informatik/studium/studienangebot/master-studiengaenge/m-sc-computer-science?set_language=en,program_page
tu-dresden,msc-computer-science-distributed-systems,https://tu-dresden.de/ing/informatik/ressourcen/dateien/studium/studien_und_pruefungsordnungen/ma_cs_po_25_en.pdf,curriculum
tu-dresden,msc-computer-science-distributed-systems,https://tu-dresden.de/ing/informatik/studium/studienangebot/master-studiengaenge/m-sc-computer-science/admission?set_language=en,admission_guideline
tu-dresden,msc-computer-science-distributed-systems,https://www.verw.tu-dresden.de/Amtbek/PDF-Dateien/2025-02/02_eignungsfesto_MACSc13022025.pdf,admission_guideline
university-of-hamburg,msc-informatics,https://www.inf.uni-hamburg.de/en/studies/master/inf.html,program_page
university-of-hamburg,msc-informatics,https://www.inf.uni-hamburg.de/studies/-po-fsb/fsb-msc-informatik-2023.pdf,curriculum
university-of-hamburg,msc-informatics,https://www.inf.uni-hamburg.de/studies/master/inf/msc-inf-application.html,admission_guideline
university-of-tubingen,msc-machine-learning,https://uni-tuebingen.de/en/study/finding-a-course/degree-programs-available/detail/course/machine-learning-master/,program_page
university-of-tubingen,msc-machine-learning,https://uni-tuebingen.de/en/fakultaeten/mathematisch-naturwissenschaftliche-fakultaet/studium/satzungen/machine-learning-msc/,curriculum
university-of-mannheim,msc-data-science,https://www.uni-mannheim.de/studium/vor-dem-studium/studienangebot/mannheim-master-in-data-science/,program_page
university-of-mannheim,msc-data-science,https://www.uni-mannheim.de/media/Universitaet/Dokumente/Pruefungsordnungen/msc_wim/PO_MSc_MMDS_2024_en.pdf,curriculum
university-of-mannheim,msc-data-science,https://www.uni-mannheim.de/media/Einrichtungen/zula/Auswahlsatzungen_master/satzung_ma_mmds.pdf,admission_guideline
university-of-potsdam,msc-computer-science,https://www.uni-potsdam.de/de/studium/studienangebot/master/computer-science,program_page
university-of-potsdam,msc-computer-science,https://www.uni-potsdam.de/fileadmin/projects/ambek/Amtliche_Bekanntmachungen/2024/Ausgabe_09/ambek-2024-09-240-251.pdf,curriculum
university-of-potsdam,msc-computer-science,https://hpi.de/fileadmin/user_upload/00C_Studiengangsdokumente/MS-CS/StuPO_MSc_Computer_Science_ENG.pdf,curriculum
university-of-potsdam,msc-computer-science,https://www.uni-potsdam.de/fileadmin/projects/studium/docs/03_studium_konkret/07_rechtsgrundlagen/studienordnungen/ZulO_Computer_Science_ENG.pdf,admission_guideline
university-of-passau,msc-computer-science,https://www.uni-passau.de/master-informatik,program_page
university-of-passau,msc-computer-science,https://www.fim.uni-passau.de/fileadmin/dokumente/beschaeftigte/Rechtsvorschriften/StO_und_PO/FMI/Master_Informatik.pdf,curriculum
delft-university-of-technology,msc-computer-science,https://www.tudelft.nl/en/education/programmes/masters/cs/msc-computer-science,program_page
delft-university-of-technology,msc-computer-science,https://www.tudelft.nl/en/education/programmes/masters/cs/msc-computer-science/programme,curriculum
delft-university-of-technology,msc-computer-science,https://www.tudelft.nl/en/education/programmes/masters/cs/msc-computer-science/admission-and-application,admission_guideline
delft-university-of-technology,msc-computer-science,https://filelist.tudelft.nl/Studentenportal/Faculteitspecifiek/EWI/Studeren/Reglementen/Teaching%20and%20Examination%20Regulations%20EEMCS%202026-2027.pdf,curriculum
eindhoven-university-of-technology,msc-computer-science-and-engineering,https://www.tue.nl/en/education/graduate-school/master-computer-science-and-engineering/,program_page
eindhoven-university-of-technology,msc-computer-science-and-engineering,https://www.tue.nl/en/education/graduate-school/master-computer-science-and-engineering/course-structure-and-curriculum,curriculum
eindhoven-university-of-technology,msc-computer-science-and-engineering,https://assets.w3.tue.nl/w/fileadmin/Education_Guide/Mathematics%20_%20Computer%20Science/Master/MC_S%20-%20general%20master/MCS%20PER%20Master%20AR%202026-2027.pdf,curriculum
eindhoven-university-of-technology,msc-computer-science-and-engineering,https://educationguide.tue.nl/programs/graduate-school/masters-programs/computer-science-and-engineering/admission,admission_guideline
university-of-amsterdam,msc-computer-science,https://www.uva.nl/shared-content/programmas/en/masters/computer-science/computer-science.html,program_page
university-of-amsterdam,msc-computer-science,https://www.uva.nl/shared-content/programmas/en/masters/computer-science/study-programme/study-programme.html,curriculum
university-of-amsterdam,msc-computer-science,https://www.uva.nl/shared-content/programmas/en/masters/computer-science/application-and-admission/application-and-admission.html,admission_guideline
university-of-amsterdam,msc-artificial-intelligence,https://www.uva.nl/shared-content/programmas/en/masters/artificial-intelligence/artificial-intelligence.html,program_page
university-of-amsterdam,msc-artificial-intelligence,https://www.uva.nl/shared-content/programmas/en/masters/artificial-intelligence/study-programme/study-programme.html,curriculum
university-of-amsterdam,msc-artificial-intelligence,https://www.uva.nl/shared-content/programmas/en/masters/artificial-intelligence/application-and-admission/application-and-admission.html,admission_guideline
vrije-universiteit-amsterdam,msc-computer-science,https://vu.nl/en/education/master/computer-science-joint-degree-vu-uva,program_page
vrije-universiteit-amsterdam,msc-computer-science,https://vu.nl/en/education/master/computer-science-joint-degree-vu-uva/curriculum,curriculum
vrije-universiteit-amsterdam,msc-computer-science,https://vu.nl/en/education/master/computer-science-joint-degree-vu-uva/admissions,admission_guideline
vrije-universiteit-amsterdam,msc-artificial-intelligence,https://vu.nl/en/education/master/artificial-intelligence,program_page
vrije-universiteit-amsterdam,msc-artificial-intelligence,https://vu.nl/en/education/master/artificial-intelligence/curriculum,curriculum
vrije-universiteit-amsterdam,msc-artificial-intelligence,https://vu.nl/en/education/master/artificial-intelligence/admissions,admission_guideline
university-of-tokyo,msc-eeis,https://www.eeis.t.u-tokyo.ac.jp/en/,program_page
university-of-tokyo,msc-eeis,https://www.t.u-tokyo.ac.jp/en/study-at-utokyo/soe/apply/guideline,admission_guideline
university-of-tokyo,msc-eeis,https://www.t.u-tokyo.ac.jp/hubfs/admission/2026/0403/ee_guide_e.pdf,admission_guideline
university-of-tokyo,msc-eeis,https://www.t.u-tokyo.ac.jp/hubfs/admission/2026/0403/Guidelines_gse_en_m_2027.pdf,admission_guideline
university-of-tokyo,msc-computer-science,https://www.i.u-tokyo.ac.jp/edu/course/cs/index_e.shtml,program_page
university-of-tokyo,msc-computer-science,https://www.i.u-tokyo.ac.jp/edu/course/cs/admission_e.shtml,admission_guideline
university-of-tokyo,msc-computer-science,https://www.i.u-tokyo.ac.jp/edu/course/cs/cs_admission_guide2027_en.pdf,admission_guideline
university-of-tokyo,msc-computer-science,https://www.i.u-tokyo.ac.jp/edu/entra/2027_ag_m_e.pdf,admission_guideline
university-of-tokyo,msc-mathematical-informatics,https://www.i.u-tokyo.ac.jp/edu/course/mi/index_e.shtml,program_page
university-of-tokyo,msc-mathematical-informatics,https://www.i.u-tokyo.ac.jp/edu/course/mi/admission_e.shtml,admission_guideline
university-of-tokyo,msc-mathematical-informatics,https://www.i.u-tokyo.ac.jp/edu/course/mi/upload/mi-2027-e.pdf,admission_guideline
university-of-tokyo,msc-mathematical-informatics,https://www.i.u-tokyo.ac.jp/edu/entra/2027_ag_m_e.pdf,admission_guideline
university-of-tokyo,msc-information-physics-computing,https://www.i.u-tokyo.ac.jp/edu/course/ipc/index_e.shtml,program_page
university-of-tokyo,msc-information-physics-computing,https://www.i.u-tokyo.ac.jp/edu/course/ipc/admissions_e.shtml,admission_guideline
university-of-tokyo,msc-information-physics-computing,https://www.i.u-tokyo.ac.jp/edu/course/ipc/pdf/system2027e.pdf,admission_guideline
university-of-tokyo,msc-information-physics-computing,https://www.i.u-tokyo.ac.jp/edu/entra/2027_ag_m_e.pdf,admission_guideline
university-of-tokyo,msc-information-communication-engineering,https://www.i.u-tokyo.ac.jp/edu/course/ice/index_e.shtml,program_page
university-of-tokyo,msc-information-communication-engineering,https://www.i.u-tokyo.ac.jp/edu/course/ice/admission_e.shtml,admission_guideline
university-of-tokyo,msc-information-communication-engineering,https://www.i.u-tokyo.ac.jp/edu/course/ice/pdf/ice2027-guide-e.pdf,admission_guideline
university-of-tokyo,msc-information-communication-engineering,https://www.i.u-tokyo.ac.jp/edu/entra/2027_ag_m_e.pdf,admission_guideline
university-of-tokyo,msc-mechano-informatics,https://www.i.u-tokyo.ac.jp/edu/course/m-i/index_e.shtml,program_page
university-of-tokyo,msc-mechano-informatics,https://www.i.u-tokyo.ac.jp/edu/course/m-i/admission_e.shtml,admission_guideline
university-of-tokyo,msc-mechano-informatics,https://www.i.u-tokyo.ac.jp/edu/course/m-i/pdf/MI-application2027e.pdf,admission_guideline
university-of-tokyo,msc-mechano-informatics,https://www.i.u-tokyo.ac.jp/edu/entra/2027_ag_m_e.pdf,admission_guideline
university-of-tokyo,msc-creative-informatics,https://www.i.u-tokyo.ac.jp/edu/course/ci/index_e.shtml,program_page
university-of-tokyo,msc-creative-informatics,https://www.i.u-tokyo.ac.jp/edu/course/ci/admission_e.shtml,admission_guideline
university-of-tokyo,msc-creative-informatics,https://www.i.u-tokyo.ac.jp/edu/course/ci/2026/2027admin-guide-en.pdf,admission_guideline
university-of-tokyo,msc-creative-informatics,https://www.i.u-tokyo.ac.jp/edu/entra/2027_ag_m_e.pdf,admission_guideline
kyoto-university,graduate-school-of-informatics,https://www.i.kyoto-u.ac.jp/en/,program_page
kyoto-university,graduate-school-of-informatics,https://www.i.kyoto-u.ac.jp/en/admission/application/,admission_guideline
kyoto-university,graduate-school-of-informatics,https://www.i.kyoto-u.ac.jp/assets/pdf/admission/application/master-2027-4-en.pdf,admission_guideline
institute-of-science-tokyo,school-of-computing,https://admissions.isct.ac.jp/en/013/graduate/programs/science-and-engineering/igp-c,program_page
institute-of-science-tokyo,school-of-computing,https://admissions.isct.ac.jp/plugins/cms/component_download_file.php?type=1&pageId=5837&contentsId=&contentsDataId=&prevId=&key=8c14c37a165da34e08cbe525e60a22ba.pdf&fileName=Application+Guide_IGP%28C%29_2027+spring,admission_guideline
institute-of-science-tokyo,information-and-communications,https://educ.titech.ac.jp/ict/eng/,program_page
institute-of-science-tokyo,information-and-communications,https://admissions.isct.ac.jp/en/013/graduate/programs/science-and-engineering/igp-c,admission_guideline
institute-of-science-tokyo,information-and-communications,https://admissions.isct.ac.jp/plugins/cms/component_download_file.php?type=1&pageId=5837&contentsId=&contentsDataId=&prevId=&key=8c14c37a165da34e08cbe525e60a22ba.pdf&fileName=Application+Guide_IGP%28C%29_2027+spring,admission_guideline
osaka-university,graduate-school-of-information-science-and-technology,https://www.ist.osaka-u.ac.jp/english/,program_page
osaka-university,graduate-school-of-information-science-and-technology,https://www.ist.osaka-u.ac.jp/english/examinees/admission/guidelines2027.php,admission_guideline
osaka-university,graduate-school-of-information-science-and-technology,https://www.ist.osaka-u.ac.jp/files/examinees/admission/2027/14_a_EN2027.pdf,admission_guideline
osaka-university,graduate-school-of-information-science-and-technology,https://www.ist.osaka-u.ac.jp/files/examinees/admission/2027/16_a_EN2027.pdf,admission_guideline
tohoku-university,graduate-school-of-information-sciences,https://www.is.tohoku.ac.jp/en/,program_page
tohoku-university,graduate-school-of-information-sciences,https://www.is.tohoku.ac.jp/jp/entrance/exam.html,admission_guideline
tohoku-university,graduate-school-of-information-sciences,https://www.is.tohoku.ac.jp/media/files/entrance/summary/1-1%20%20April%202027_Master_4.pdf,admission_guideline
nagoya-university,graduate-school-of-informatics,https://www.i.nagoya-u.ac.jp/en/,program_page
nagoya-university,graduate-school-of-informatics,https://www.i.nagoya-u.ac.jp/en/gs/entranceexamination/,admission_guideline
nagoya-university,graduate-school-of-informatics,https://www.i.nagoya-u.ac.jp/wp-content/uploads/2017/03/2027Application-Guidelines-MC.pdf,admission_guideline
kyushu-university,information-science-and-electrical-engineering,https://www.isee.kyushu-u.ac.jp/e/,program_page
kyushu-university,information-science-and-electrical-engineering,https://www.isee.kyushu-u.ac.jp/e/admissions_master.html,admission_guideline
kyushu-university,information-science-and-electrical-engineering,https://www.isee.kyushu-u.ac.jp/wp/wp-content/uploads/2027mc_general_guidelines_20260420.pdf,admission_guideline
kyushu-university,information-science-and-electrical-engineering,https://www.isee.kyushu-u.ac.jp/wp/wp-content/uploads/2027oct_mc_global_guidelines_20260420.pdf,admission_guideline
university-of-tsukuba,systems-and-information-engineering,https://eng.ap-graduate.tsukuba.ac.jp/course/sie/,program_page
university-of-tsukuba,systems-and-information-engineering,https://eng.ap-graduate.tsukuba.ac.jp/course/sie/first_all/,admission_guideline
nara-institute-of-science-and-technology,information-science,https://www.naist.jp/en/,program_page
nara-institute-of-science-and-technology,information-science,https://www.naist.jp/en/international_students/prospective_students/admission_information/guidelines.html,admission_guideline
nara-institute-of-science-and-technology,information-science,https://www.naist.jp/en/international_students/prospective_students/admission_information/file/2027_Master's_course.pdf,admission_guideline
japan-advanced-institute-of-science-and-technology,information-science,https://www.jaist.ac.jp/english/,program_page
japan-advanced-institute-of-science-and-technology,information-science,https://www.jaist.ac.jp/english/admissions/application-guide/guide-m.html,admission_guideline
japan-advanced-institute-of-science-and-technology,information-science,https://www.jaist.ac.jp/admissions/data/0.clickhere_Me_2027.4.pdf,admission_guideline
hokkaido-university,information-science-and-technology,https://www.ist.hokudai.ac.jp/english/,program_page
hokkaido-university,information-science-and-technology,https://www.ist.hokudai.ac.jp/english/examinfo/info.php,admission_guideline
hokkaido-university,information-science-and-technology,https://www.ist.hokudai.ac.jp/english/examinfo/files/R09_Apr_master_Adm_En.pdf,admission_guideline
hokkaido-university,information-science-and-technology,https://www.ist.hokudai.ac.jp/english/examinfo/files/R09_Apr_master_exam_f_Adm_En.pdf,admission_guideline
kobe-university,system-informatics,https://www.csi.kobe-u.ac.jp/,program_page
kobe-university,system-informatics,https://www.csi.kobe-u.ac.jp/exam/master/2026/20260708master_exam.html,admission_guideline
kobe-university,system-informatics,https://www.csi.kobe-u.ac.jp/exam/master/2026/x_master_ippan_202608.pdf,admission_guideline
hiroshima-university,advanced-science-and-engineering,https://www.hiroshima-u.ac.jp/en/adse/admission/m_admission,program_page
hiroshima-university,advanced-science-and-engineering,https://www.hiroshima-u.ac.jp/system/files/302259/M%E5%A4%96%E5%9B%BD%E4%BA%BA%EF%BC%88%E5%9B%BD%E5%A4%96%EF%BC%89%E5%8B%9F%E9%9B%86%E8%A6%81%E9%A0%85%EF%BC%88%E8%8B%B1%E8%AA%9E%E7%89%88%EF%BC%89202704.pdf,admission_guideline
